value_1,value_2,image,image/_alt
NFIB,2/16/16,http://govpics.maryland.gov/pages/ImageHandler.ashx?EventID=4461&ImageID=565339&Thumbs=True,
MARYLAND RAILROADERS FOOTBALL TEAM,2/16/16,http://govpics.maryland.gov/pages/ImageHandler.ashx?EventID=4462&ImageID=565506&Thumbs=True,
LAUREL PARK FAY FOUNDRAISER LG,2/13/16,http://govpics.maryland.gov/pages/ImageHandler.ashx?EventID=4460&ImageID=565230&Thumbs=True,
EDBI DEMOLITION,2/12/16,http://govpics.maryland.gov/pages/ImageHandler.ashx?EventID=4459&ImageID=565199&Thumbs=True,
UNIVERSITY OF MARYLAND STAFF FACULTY AND STUDENTS,2/11/16,http://govpics.maryland.gov/pages/ImageHandler.ashx?EventID=4456&ImageID=565129&Thumbs=True,
THOMAS JEFFERSON STUDENTS,2/11/16,http://govpics.maryland.gov/pages/ImageHandler.ashx?EventID=4455&ImageID=565077&Thumbs=True,
MARYLAND TEACHER OF THE YEAR,2/11/16,http://govpics.maryland.gov/pages/ImageHandler.ashx?EventID=4458&ImageID=565175&Thumbs=True,
LT. GOVERNOR AT TURKISH RECEPTION,2/11/16,http://govpics.maryland.gov/pages/ImageHandler.ashx?EventID=4457&ImageID=565141&Thumbs=True,
JCC MEN'S CLUB ANNAPOLIS,2/11/16,http://govpics.maryland.gov/pages/ImageHandler.ashx?EventID=4453&ImageID=565048&Thumbs=True,
BOY SCOUT LEADERSHIP BREAKFAST,2/11/16,http://govpics.maryland.gov/pages/ImageHandler.ashx?EventID=4454&ImageID=565057&Thumbs=True,
EXECUTIVE ORDER AND BOARD OF PUBLIC WORKS,2/10/16,http://govpics.maryland.gov/pages/ImageHandler.ashx?EventID=4452&ImageID=565024&Thumbs=True,
STAFF MEETING ON STORM RESPONSE,2/9/16,http://govpics.maryland.gov/pages/ImageHandler.ashx?EventID=4446&ImageID=564637&Thumbs=True,